,Name,Farms,"Forestry, fishing, and related activities",Oil and gas extraction,"Mining, except oil and gas",Support activities for mining,Utilities,Construction,Wood products,Nonmetallic mineral products,Primary metals,Fabricated metal products,Machinery,Computer and electronic products,"Electrical equipment, appliances, and components","Motor vehicles, bodies and trailers, and parts",Other transportation equipment,Furniture and related products,Miscellaneous manufacturing,Food and beverage and tobacco products,Textile mills and textile product mills,Apparel and leather and allied products,Paper products,Printing and related support activities,Petroleum and coal products,Chemical products,Plastics and rubber products,Wholesale trade,Motor vehicle and parts dealers,Food and beverage stores,General merchandise stores,Other retail,Air transportation,Rail transportation,Water transportation,Truck transportation,Transit and ground passenger transportation,Pipeline transportation,Other transportation and support activities,Warehousing and storage,"Publishing industries, except internet (includes software)",Motion picture and sound recording industries,Broadcasting and telecommunications,"Data processing, internet publishing, and other information services","Federal Reserve banks, credit intermediation, and related activities","Securities, commodity contracts, and investments",Insurance carriers and related activities,"Funds, trusts, and other financial vehicles",Housing,Other real estate,Rental and leasing services and lessors of intangible assets,Legal services,Computer systems design and related services,"Miscellaneous professional, scientific, and technical services",Management of companies and enterprises,Administrative and support services,Waste management and remediation services,Educational services,Ambulatory health care services,Hospitals,Nursing and residential care facilities,Social assistance,"Performing arts, spectator sports, museums, and related activities","Amusements, gambling, and recreation industries",Accommodation,Food services and drinking places,"Other services, except government",Federal general government (defense),Federal general government (nondefense),Federal government enterprises,State and local general government,State and local government enterprises,Total Commodity Output,Imports,CIF/FOB Adjustments on Imports,Total product supply (basic prices),Trade margins,Transport margins,Total trade and transportation margins,Import duties,Tax on products,Subsidies on products,Total tax less subsidies on products,Total product supply (purchaser prices)
0,Farms,477653,35,---,---,---,---,---,---,---,---,---,---,---,---,---,---,---,---,---,---,---,---,---,---,---,---,---,---,---,---,265,---,---,---,---,---,---,---,---,---,---,---,---,---,---,---,---,---,---,---,---,---,---,---,---,---,---,---,---,---,---,---,---,---,---,---,---,---,---,584,---,478536,50812,---,529348,104646,78538,183184,138,6314,-17796,-11344,701188
1,"Forestry, fishing, and related activities",4698,58489,---,---,---,---,---,---,---,---,---,---,---,---,---,---,---,---,---,---,---,---,---,---,---,---,788,---,---,---,---,1662,---,---,---,---,---,---,---,---,---,---,---,---,---,---,---,---,---,---,---,---,---,---,---,---,---,---,---,---,---,---,---,---,---,---,---,155,---,3406,---,69198,23117,---,92315,14672,5907,20580,222,1102,---,1324,114218
2,Oil and gas extraction,---,---,375019,0,41,127,---,---,5,---,---,---,---,---,---,---,---,---,---,---,---,---,---,0,---,---,---,---,---,---,---,---,---,---,---,---,---,---,---,---,---,---,---,---,---,---,---,---,---,---,---,---,---,---,---,112,---,---,---,---,---,---,---,---,---,---,---,---,---,---,---,375304,146480,---,521784,14828,68090,82918,132,13705,---,13837,618539
3,"Mining, except oil and gas",---,---,75,81352,73,---,---,---,729,---,---,---,---,---,---,---,---,---,---,---,---,---,---,167,4,---,---,---,---,---,---,---,---,---,---,---,---,---,---,---,---,---,---,---,---,---,---,---,---,---,---,---,---,---,---,---,---,---,---,---,---,---,---,---,---,---,---,---,---,671,---,83072,3071,---,86143,10309,28104,38413,11,3697,---,3708,128263
4,Support activities for mining,---,---,28979,8573,54066,---,---,---,1,---,---,---,---,---,---,---,---,---,---,---,---,---,---,---,---,---,---,---,---,---,---,---,---,---,---,---,---,---,---,---,---,---,---,---,---,---,---,---,---,---,---,---,---,---,---,---,---,---,---,---,---,---,---,---,---,---,---,---,---,---,---,91619,1610,---,93229,---,---,---,---,0,---,0,93229
5,Utilities,---,---,---,---,---,602825,---,---,---,---,---,---,---,---,---,---,---,---,---,---,---,---,---,---,---,---,---,---,---,---,---,---,---,---,---,---,187,---,---,---,---,---,---,---,---,---,---,---,---,---,---,---,---,---,---,---,---,---,---,---,---,---,---,---,---,---,---,79,14791,1249,155194,774324,2861,---,777185,---,---,---,---,32194,---,32194,809379
6,Construction,---,244,498,12561,7036,2773,1961243,164,223,57,727,368,13,19,131,200,95,1117,41,10,2,22,4,65,37,30,3376,2,3,354,6129,0,1604,10,323,2,111,185,17,14,48,1170,798,2,1,3,0,17955,1124,47,25,5,368,51,877,10,283,559,460,28,102,159,132,973,539,350,4,391,---,22799,---,2049071,---,---,2049071,---,---,---,---,2583,---,2583,2051653
7,Wood products,10,---,---,---,---,---,---,146406,9,---,1158,---,1106,---,---,---,189,26,---,---,---,122,---,---,0,109,---,---,---,---,---,---,---,---,---,---,---,---,---,---,---,---,---,---,---,---,---,---,---,---,---,---,---,---,---,---,---,---,---,---,---,---,---,---,---,---,---,---,---,220,---,149353,35592,---,184945,52711,12650,65360,828,5403,---,6231,256536
8,Nonmetallic mineral products,---,---,---,468,---,---,---,0,141811,27,233,297,3,11,1,---,7,0,---,---,---,18,---,50,1,192,---,---,---,---,---,---,---,---,---,---,---,---,---,---,---,---,---,---,---,---,---,---,---,---,---,---,---,---,---,---,---,---,---,---,---,---,---,---,---,---,---,---,---,---,---,143121,30511,---,173632,56022,33042,89064,1907,6456,---,8363,271059
9,Primary metals,---,---,---,---,---,---,---,---,---,256535,3784,74,19,579,35,2,1,44,---,0,---,0,---,---,26,28,---,---,---,---,---,---,---,---,---,---,---,---,---,---,---,---,---,---,---,---,---,---,---,---,---,---,---,---,---,---,---,---,---,---,---,---,---,---,---,---,---,1,---,---,---,261129,104542,---,365670,48175,15365,63540,3324,2148,---,5472,434683
10,Fabricated metal products,---,---,12,---,1022,---,---,643,55,1181,371768,2895,35,102,1441,366,41,195,---,0,---,10,101,---,17,276,13,---,---,---,---,---,---,---,---,---,---,---,---,---,---,---,---,---,---,---,---,---,---,---,---,---,---,---,---,---,---,---,---,---,---,---,---,---,---,---,---,---,---,---,---,380173,82340,---,462513,134704,15280,149983,6286,13345,---,19631,632127
11,Machinery,---,---,230,---,---,---,---,---,57,48,2907,383877,700,1061,1473,1573,2,26,---,0,---,---,---,0,32,225,661,---,---,---,---,---,---,---,---,---,---,---,---,---,---,---,---,---,---,---,---,---,---,---,---,---,---,---,---,---,---,---,---,---,---,---,---,---,---,---,3,---,---,---,---,392875,197996,---,590870,208876,19859,228735,7838,14312,---,22150,841756
12,Computer and electronic products,---,---,---,---,---,---,---,---,0,1,344,339,322112,299,15,4472,---,602,---,---,---,107,33,---,863,42,180,---,---,---,---,---,---,---,---,---,---,---,---,---,43,---,---,---,---,---,---,---,---,---,---,---,---,---,---,---,---,---,---,---,---,---,---,---,---,---,---,---,---,---,---,329451,388123,---,717575,272158,13451,285609,7959,17244,---,25203,1028386
13,"Electrical equipment, appliances, and components",---,---,---,---,---,---,---,---,47,585,155,2801,790,135149,329,120,0,30,---,---,---,---,---,49,90,343,---,---,---,---,---,---,---,---,---,---,---,---,---,---,---,---,---,---,---,---,---,---,---,---,---,---,---,---,---,---,---,---,---,---,---,---,---,---,---,---,---,---,---,---,---,140488,136929,---,277417,129326,11162,140488,9617,10844,-336,20126,438031
14,"Motor vehicles, bodies and trailers, and parts",---,---,---,---,---,---,---,---,0,---,1028,1462,9,426,709985,2329,0,10,---,6,---,---,---,---,1,1074,325,---,---,---,---,---,---,---,---,---,---,---,---,---,---,---,---,---,---,---,---,---,---,---,---,---,---,---,---,---,---,---,---,---,---,---,---,---,---,---,---,---,---,---,---,716656,307448,---,1024103,233014,18128,251142,7563,35914,---,43478,1318722
15,Other transportation equipment,---,---,---,---,---,---,---,---,0,---,637,254,2303,12,1323,261213,---,3,---,0,---,---,---,---,0,12,15,---,---,---,---,---,---,---,---,---,---,---,---,---,---,---,---,---,---,---,---,---,---,---,---,---,---,---,---,---,---,---,---,---,---,---,---,---,---,---,---,---,---,---,---,265772,39768,---,305540,32485,4859,37343,1108,3025,---,4132,347016
16,Furniture and related products,---,---,---,---,---,---,---,897,235,2,148,9,50,353,1,---,77447,412,---,215,---,0,---,---,---,1883,42,---,---,---,---,---,---,---,---,---,---,---,---,---,---,---,---,---,---,---,---,---,---,---,---,---,---,---,---,---,---,---,---,---,---,---,---,---,---,---,---,---,---,---,---,81693,58621,---,140313,96896,20687,117583,4288,11132,---,15420,273316
17,Miscellaneous manufacturing,---,---,---,---,---,---,---,0,1,---,94,571,2019,53,14,---,33,156479,---,92,---,15,446,---,1300,1961,1366,---,---,---,3562,---,---,---,---,---,---,---,---,---,---,---,---,---,---,---,---,---,---,---,---,---,---,---,---,---,---,---,---,---,---,---,---,---,---,---,2,93,---,1224,---,169324,138800,---,308124,279241,21338,300579,3043,21953,---,24996,633700
18,Food and beverage and tobacco products,---,---,---,---,---,---,---,---,---,---,---,0,---,---,---,---,---,---,1014573,---,---,---,---,---,8796,---,3859,---,11217,3243,97,---,---,---,---,---,---,---,---,---,---,---,---,---,---,---,---,---,---,---,---,---,---,---,---,---,---,---,---,---,---,---,---,---,---,---,---,---,---,2258,---,1044042,124758,---,1168800,561102,31471,592574,2258,96740,---,98998,1860372
19,Textile mills and textile product mills,---,---,---,---,---,---,---,0,23,8,3,0,1,0,27,5,49,65,1,45108,160,294,781,0,22,1217,---,---,---,---,---,---,---,---,---,---,---,---,---,---,---,---,---,---,---,---,---,---,---,---,---,---,---,---,---,---,---,---,---,---,---,---,---,---,---,---,---,---,---,---,---,47763,41186,---,88949,89374,5475,94849,3405,8506,-20,11892,195690
20,Apparel and leather and allied products,---,---,---,---,---,---,---,---,---,---,0,---,---,---,---,---,3,254,753,2197,21615,---,101,---,---,---,---,---,---,---,992,---,---,---,---,---,---,---,---,---,---,---,---,---,---,---,---,---,---,---,---,---,---,---,---,---,---,---,---,---,---,---,---,---,---,---,---,---,---,1326,---,27241,145848,---,173089,261527,10383,271909,18988,28023,---,47011,492009
21,Paper products,---,---,---,---,---,---,---,10,69,1,0,0,1,50,---,---,0,25,50,0,---,187201,502,0,26,929,---,---,---,---,---,---,---,---,---,---,---,---,---,---,---,---,---,---,---,---,---,---,---,---,---,---,---,---,---,---,---,---,---,---,---,---,---,---,---,---,---,---,---,644,---,189509,26388,---,215897,54510,14518,69028,774,4630,---,5404,290329
22,Printing and related support activities,---,---,---,---,---,---,---,---,---,---,78,---,0,---,---,---,1,401,---,122,---,167,60355,---,0,50,---,---,---,---,27,---,---,---,---,---,---,---,---,1346,---,---,---,---,---,---,---,---,---,---,---,---,752,---,3438,---,---,---,---,---,---,---,---,---,---,---,---,12,---,1732,---,68482,2893,---,71375,14110,3840,17951,136,1037,---,1173,90498
23,Petroleum and coal products,---,---,37574,125,31,---,---,---,85,1232,4,2,---,2,---,---,---,182,---,---,---,---,---,571194,12710,0,---,---,---,---,---,---,---,---,---,---,---,---,---,---,---,---,---,---,---,---,---,---,---,---,---,---,---,---,---,---,---,---,---,---,---,---,---,---,---,---,---,---,---,---,---,623142,69212,---,692354,193944,33609,227553,174,119911,---,120085,1039993
24,Chemical products,---,---,300,2717,---,---,---,18,238,281,216,709,560,61,5,12,3,662,5108,3401,---,709,---,31672,732745,692,---,---,---,---,---,---,---,---,---,---,---,---,---,---,---,---,---,---,---,---,---,---,---,---,---,---,---,---,---,---,---,---,---,---,---,---,---,---,---,---,---,10,---,107,---,780227,320209,---,1100436,582484,41754,624238,4420,35236,-19,39637,1764311
25,Plastics and rubber products,---,---,---,---,---,---,---,160,19,0,920,72,42,92,127,52,2,773,0,41,---,322,208,1,3131,232376,---,---,---,---,---,---,---,---,---,---,---,---,---,---,---,---,---,---,---,---,---,---,---,---,---,---,---,---,---,---,---,---,---,---,---,---,---,---,---,---,---,---,---,---,---,238337,72076,---,310413,114063,7626,121689,4533,10545,---,15077,447180
26,Wholesale trade,---,---,630,222,552,---,---,1407,1519,1051,4804,9769,3624,2493,2606,1353,1372,5744,7491,707,488,1514,771,3537,11829,3114,2014765,---,---,---,---,19,---,---,---,16,---,116,---,18205,13,5025,795,---,---,---,---,---,---,418,---,4021,---,---,---,---,---,---,---,---,---,---,---,---,---,807,---,---,---,---,---,2110798,---,---,2110798,-1975865,---,-1975865,---,0,---,0,134933
27,Motor vehicle and parts dealers,---,---,---,---,---,---,---,---,---,---,---,---,---,---,---,---,---,---,---,---,---,---,---,---,---,---,---,225434,---,---,---,---,---,---,---,---,---,---,---,---,---,---,---,---,---,---,---,---,---,71,---,---,---,---,---,---,---,---,---,---,---,---,812,27,---,2441,---,---,---,---,---,228784,---,---,228784,-228784,---,-228784,---,0,---,0,0
28,Food and beverage stores,---,---,---,---,---,---,---,---,---,---,---,---,---,---,---,---,---,---,---,---,---,---,---,---,---,---,---,---,233297,---,---,---,---,---,---,---,---,8,---,---,---,---,---,---,---,---,---,---,---,303,---,---,---,---,---,---,---,---,---,---,---,---,---,438,963,---,---,---,---,---,6653,241662,---,---,241662,-241662,---,-241662,---,0,---,0,0
29,General merchandise stores,---,---,---,---,---,---,---,---,---,---,---,---,---,---,---,---,---,---,---,---,---,---,---,---,---,---,---,---,---,223353,---,---,---,---,---,---,---,---,---,---,---,---,---,---,---,---,---,---,---,---,---,---,553,---,---,---,---,---,---,---,64,---,---,522,---,270,---,---,3122,---,---,227884,---,---,227884,-227884,---,-227884,---,0,---,0,0
30,Other retail,---,---,---,---,---,20,---,---,---,---,---,---,---,---,---,---,---,---,---,---,---,---,---,---,---,---,---,---,---,---,1175794,---,---,---,---,8,---,0,---,132,352,798,1278,---,---,---,---,---,---,1144,---,433,5678,---,628,143,1490,11690,1245,18,170,1568,2546,764,2061,3898,---,---,30,---,---,1211889,---,---,1211889,-1197601,---,-1197601,---,0,---,0,14288
31,Air transportation,---,---,---,---,---,---,---,---,---,---,---,---,---,---,---,---,---,---,---,---,---,---,---,---,---,---,---,---,---,---,---,165153,---,---,---,---,---,316,---,---,---,---,---,---,---,---,---,---,---,---,---,---,---,---,---,---,---,---,---,---,---,---,---,---,---,---,---,---,---,---,---,165469,15972,-1159,180282,---,-5420,-5420,---,16883,-281,16602,191464
32,Rail transportation,---,---,---,---,---,---,---,---,---,---,---,---,---,---,---,---,---,---,---,---,---,---,---,---,---,---,---,---,---,---,---,---,85814,---,---,---,---,---,---,---,---,---,---,---,---,---,---,---,---,---,---,---,---,---,---,---,---,---,---,---,---,---,---,---,---,---,---,---,---,---,161,85975,0,-545,85430,---,-73004,-73004,---,824,-5126,-4301,8125
33,Water transportation,---,---,---,---,---,---,---,---,---,---,---,---,---,---,---,---,---,---,---,---,---,---,---,---,---,---,---,---,---,---,---,---,---,42370,---,---,---,2025,---,---,---,---,---,---,---,---,---,---,---,---,---,---,---,---,---,---,---,---,---,---,---,---,---,---,---,---,---,---,---,---,343,44739,0,-14587,30151,---,-10984,-10984,---,164,-1,163,19330
34,Truck transportation,---,---,---,---,---,---,---,---,---,---,---,---,---,---,---,---,---,---,---,---,---,---,---,---,---,---,---,33,---,---,---,---,---,---,459677,---,---,2537,2482,---,---,---,---,---,---,---,---,---,---,934,---,---,---,---,---,---,---,---,---,---,---,---,---,---,---,---,---,---,---,---,---,465663,0,-6326,459337,---,-409166,-409166,---,410,---,410,50582
35,Transit and ground passenger transportation,---,---,---,---,---,---,---,---,---,---,---,---,---,---,---,---,---,---,---,---,---,---,---,---,---,---,---,---,---,---,---,---,---,---,---,68543,---,455,---,---,---,---,---,---,---,---,---,---,---,49,---,---,---,---,---,---,---,---,---,---,---,---,---,---,---,---,---,---,---,---,9475,78522,---,---,78522,---,---,---,---,1237,0,1237,79759
36,Pipeline transportation,---,---,---,---,---,3714,---,---,---,---,---,---,---,---,---,---,---,---,---,---,---,---,---,---,---,---,1068,---,---,---,---,---,---,---,---,---,62411,---,---,---,---,---,---,---,---,---,---,---,---,---,---,---,---,---,---,---,---,---,---,---,---,---,---,---,---,---,---,---,---,---,---,67193,---,---,67193,---,-66484,-66484,---,76,---,76,786
37,Other transportation and support activities,---,---,---,---,---,---,---,---,---,---,---,---,---,---,---,---,---,---,---,---,---,---,---,---,---,---,1572,588,---,---,5578,586,---,1828,5554,72,---,331437,566,---,---,---,---,---,---,---,---,---,---,---,---,---,---,---,---,19,---,---,---,---,---,---,---,---,---,---,---,---,---,---,15546,363347,41,-5228,358159,---,---,---,---,454,---,454,358614
38,Warehousing and storage,---,---,---,---,---,---,---,---,---,---,---,---,---,---,---,---,---,---,---,---,---,---,---,---,---,---,19,454,---,---,64,---,---,---,5962,---,---,2255,180520,---,---,---,---,---,---,---,---,---,---,---,---,---,---,---,---,---,---,---,---,---,---,---,---,---,---,---,---,---,---,---,---,189273,---,---,189273,---,---,---,---,252,---,252,189525
39,"Publishing industries, except internet (includes software)",---,---,---,---,---,---,---,---,---,---,---,---,---,---,---,---,---,---,---,---,---,---,---,---,---,---,---,---,---,---,---,---,---,---,---,---,---,---,---,373438,---,---,20772,---,---,---,---,---,---,---,---,3089,---,---,---,---,---,---,---,---,---,---,---,---,---,---,---,272,---,556,---,398127,4546,---,402672,130897,6910,137807,45,11034,---,11078,551558
40,Motion picture and sound recording industries,---,---,---,---,---,---,---,---,---,---,---,---,---,---,---,---,---,---,---,---,---,---,---,---,---,---,---,---,---,---,1744,---,---,---,---,---,---,---,---,---,159078,973,---,---,---,---,---,---,---,---,---,---,---,---,---,---,---,---,---,---,---,---,---,---,---,---,47,---,0,1,---,161843,10765,---,172608,16887,234,17121,0,2465,---,2465,192195
41,Broadcasting and telecommunications,---,---,---,---,---,---,---,---,---,---,---,---,---,---,---,---,---,---,---,---,---,---,---,---,---,---,---,---,---,---,54,---,---,---,---,---,---,---,---,---,---,735522,357,---,---,---,---,---,---,---,---,223,---,---,---,---,---,---,---,---,---,---,---,229,---,---,---,---,---,---,---,736385,160,---,736545,---,---,---,---,38879,---,38879,775424
42,"Data processing, internet publishing, and other information services",---,---,---,---,---,---,---,---,---,---,---,---,---,---,---,---,---,---,---,---,---,---,---,---,---,---,---,---,---,---,---,---,---,---,---,---,---,---,---,12995,---,---,369734,---,---,---,---,---,---,---,---,17077,3835,---,---,---,---,---,---,---,---,---,---,---,---,396,16,---,---,2403,---,406456,1796,---,408252,---,---,---,0,1310,---,1310,409562
43,"Federal Reserve banks, credit intermediation, and related activities",---,---,---,---,---,---,---,---,---,---,---,---,---,---,---,---,---,---,---,---,---,---,---,---,---,---,---,6090,508,---,296,---,---,---,---,---,---,---,---,---,---,---,---,952348,30819,---,---,---,---,---,---,---,---,---,---,---,---,---,---,---,---,---,---,---,---,---,---,---,---,---,24,990084,46,---,990129,---,---,---,---,0,-276,-276,989853
44,"Securities, commodity contracts, and investments",---,---,---,---,---,---,---,---,---,---,---,---,---,---,---,---,---,---,---,---,---,---,---,---,---,---,---,---,---,---,---,---,---,---,---,---,---,---,---,---,---,---,---,39619,744040,1111,---,---,---,9,---,---,811,---,---,---,---,---,---,---,---,---,---,---,---,---,---,---,---,---,---,785590,58,---,785647,---,---,---,---,1676,---,1676,787323
45,Insurance carriers and related activities,---,---,---,---,---,---,---,---,---,---,---,---,---,---,---,---,---,---,---,---,---,---,---,---,---,---,---,---,---,---,---,---,---,---,---,---,---,133,---,---,---,---,---,---,9111,1359376,---,---,162,1146,---,---,---,---,77,---,102,---,---,---,---,---,---,---,---,---,---,---,11129,---,-87,1381149,59502,-1101,1439550,---,---,---,---,30837,-9083,21754,1461304
46,"Funds, trusts, and other financial vehicles",---,---,---,---,---,---,---,---,---,---,---,---,---,---,---,---,---,---,---,---,---,---,---,---,---,---,---,---,---,---,---,---,---,---,---,---,---,---,---,---,---,---,---,---,---,---,192261,---,---,---,---,---,---,---,---,---,---,---,---,---,---,---,---,---,---,---,---,121,---,30367,---,222748,---,---,222748,---,---,---,---,64,---,64,222813
47,Housing,---,---,---,---,---,---,---,---,---,---,---,---,---,---,---,---,---,---,---,---,---,---,---,---,---,---,---,---,---,---,---,---,---,---,---,---,---,---,---,---,---,---,---,---,---,---,---,2411827,---,---,---,---,---,---,---,---,---,---,---,---,---,---,---,---,---,---,---,---,---,---,47503,2459331,---,---,2459331,---,---,---,---,0,-60511,-60511,2398820
48,Other real estate,---,---,---,---,---,---,---,---,---,---,---,---,---,---,---,---,---,---,---,---,---,---,---,---,---,---,---,---,---,---,---,---,---,---,---,9,---,---,---,---,67,---,---,---,---,---,---,---,1566952,2904,---,---,---,---,367,---,83,---,---,126,---,1272,62,1081,---,1751,---,---,820,---,27651,1603145,---,---,1603145,---,---,---,---,1749,-9738,-7989,1595157
49,Rental and leasing services and lessors of intangible assets,---,---,---,---,---,---,---,---,---,---,---,16,---,---,---,---,---,---,---,---,---,---,---,---,---,---,15092,1172,329,294,5041,101,334,---,440,---,---,116,10,1,180,10292,460,69957,---,---,---,---,---,374938,---,415,17,---,58,579,94,4210,1826,---,---,1773,298,1497,---,338,---,---,---,---,---,489878,---,---,489878,---,---,---,---,20401,---,20401,510278
50,Legal services,---,---,---,---,---,---,---,---,---,---,---,---,---,---,---,---,---,---,---,---,---,---,---,---,---,---,---,---,---,---,---,---,---,---,---,---,---,---,---,---,---,---,---,---,---,528,---,---,---,---,400044,---,---,---,---,---,---,---,---,---,---,---,---,---,---,---,---,---,---,---,---,400572,5408,---,405980,---,---,---,---,22028,---,22028,428008
51,Computer systems design and related services,---,---,114,0,48,459,423,17,32,85,302,783,1605,311,277,699,68,471,118,12,8,82,237,47,541,179,19872,6,10,0,1802,138,217,16,136,---,26,300,170,20508,254,2006,31944,5279,1762,5891,11,76,344,129,407,491685,14159,15299,10945,27,4222,1182,2768,22,145,73,41,95,0,857,2417,2534,641,5444,---,650781,33478,---,684259,---,---,---,---,5573,---,5573,689832
52,"Miscellaneous professional, scientific, and technical services",---,---,1178,131,754,162,303,120,980,491,2900,9998,66920,3253,14391,35407,276,15136,3266,326,256,696,14965,801,71208,1909,1638,47,24,527,10938,3615,688,114,663,50,371,2047,1082,57359,5758,134349,223428,2685,1257,3800,187,28,285,105,298,19233,1840920,7475,14622,100,37447,507,8171,46,16,11917,13,2,0,1608,26697,28079,---,61736,---,2755757,123060,---,2878817,---,---,---,3,6933,---,6936,2885753
53,Management of companies and enterprises,---,---,---,---,---,---,---,---,---,---,---,---,---,---,---,---,---,---,---,---,---,---,---,---,---,---,---,---,---,---,---,---,---,---,---,---,---,---,---,---,---,---,---,---,---,---,---,---,---,---,---,---,---,708435,---,---,---,---,---,---,---,---,---,---,---,---,---,---,---,---,---,708435,---,---,708435,---,---,---,---,1871,---,1871,710307
54,Administrative and support services,---,---,---,---,---,---,---,---,---,---,---,---,---,---,---,---,---,---,---,---,---,---,106,---,---,---,36,---,249,237,2323,---,---,---,---,---,---,154,---,713,---,---,938,---,---,---,---,---,---,---,---,5904,3670,---,1207269,---,---,---,---,---,---,---,---,0,---,---,---,---,---,9490,---,1231088,3711,---,1234799,---,---,---,---,7983,---,7983,1242782
55,Waste management and remediation services,---,---,---,---,---,---,---,---,---,---,---,---,---,---,---,---,---,---,---,---,---,---,---,---,---,---,---,---,---,---,---,---,---,---,2686,---,---,---,---,---,---,---,---,---,---,---,---,---,---,---,---,---,---,---,228,123339,---,---,---,---,---,---,---,---,---,---,---,---,---,14951,---,141204,451,---,141655,---,---,---,---,2158,---,2158,143813
56,Educational services,---,---,---,---,---,---,---,---,---,---,---,---,---,---,---,---,---,---,---,---,---,---,---,---,---,---,---,54,---,---,507,---,---,---,---,---,---,---,---,11797,---,---,1407,---,---,---,---,---,---,3,---,2318,---,---,212,---,318225,---,---,---,---,75,1533,---,---,33,262,---,---,99781,---,436208,2290,---,438498,---,---,---,---,402,---,402,438900
57,Ambulatory health care services,---,---,---,---,---,---,---,---,---,---,---,---,---,---,---,---,---,---,---,---,---,---,---,---,---,---,---,---,---,1710,601,71,---,---,---,---,---,---,---,---,---,---,---,---,---,---,---,---,---,---,---,---,---,---,24,---,---,1204447,9482,1518,446,---,---,---,---,---,---,---,---,37578,---,1255877,---,---,1255877,---,---,---,---,761,---,761,1256637
58,Hospitals,---,---,---,---,---,---,---,---,---,---,---,---,---,---,---,---,---,---,---,---,---,---,---,---,---,---,---,---,---,---,---,---,---,---,---,---,---,---,---,---,---,---,---,---,---,---,---,---,---,---,---,---,---,---,---,---,---,---,1007031,---,---,---,---,---,---,---,1665,2018,---,237427,---,1248141,8549,---,1256690,---,---,---,---,2618,-9,2610,1259300
59,Nursing and residential care facilities,---,---,---,---,---,---,---,---,---,---,---,---,---,---,---,---,---,---,---,---,---,---,---,---,---,---,---,---,---,---,---,---,---,---,---,---,---,---,---,---,---,---,---,---,---,---,---,---,---,---,---,---,---,---,---,---,---,---,---,258364,2537,---,---,---,---,---,---,---,---,---,---,260900,---,---,260900,---,---,---,---,3612,---,3612,264513
60,Social assistance,---,---,---,---,---,---,---,---,---,---,---,---,---,---,---,---,---,---,---,---,---,---,---,---,---,---,---,---,---,---,---,---,---,---,---,---,---,---,---,---,---,---,---,---,---,---,---,---,---,---,---,---,---,---,77,---,---,---,---,152,255391,---,622,---,---,404,---,---,---,3816,---,260463,---,---,260463,---,---,---,---,1217,---,1217,261680
61,"Performing arts, spectator sports, museums, and related activities",---,---,---,---,---,---,---,---,---,---,---,---,---,---,---,---,---,---,---,---,---,---,---,---,---,---,---,---,---,---,---,---,---,---,---,---,---,---,---,---,---,---,---,---,---,---,---,---,---,---,---,---,---,---,---,---,1636,---,---,---,---,160913,120,1399,---,---,23,---,---,3377,174,167644,1481,---,169125,---,---,---,---,4180,---,4180,173305
62,"Amusements, gambling, and recreation industries",2071,---,---,---,---,---,---,---,---,---,---,---,---,---,---,---,---,---,---,---,---,---,---,---,---,---,---,315,281,---,328,---,---,104,---,---,---,---,---,---,1154,---,---,---,---,---,---,---,---,---,---,---,---,---,---,---,---,---,---,---,---,3609,109353,30249,1374,---,---,---,---,2906,37988,189731,---,---,189731,---,---,---,---,14466,---,14466,204197
63,Accommodation,---,---,---,---,---,---,---,---,---,---,---,---,---,---,---,---,---,---,---,---,---,---,---,---,---,---,---,---,---,---,---,---,---,---,---,---,---,---,---,---,---,---,---,---,---,---,---,---,25,---,---,---,---,---,---,---,18936,---,---,---,---,118,74,156871,217,---,---,---,---,10648,---,186890,---,---,186890,---,---,---,---,18702,---,18702,205592
64,Food services and drinking places,---,---,---,---,---,---,---,---,---,---,---,---,---,---,---,---,---,---,---,---,---,---,---,---,---,---,---,---,23468,10689,21732,---,---,---,---,---,---,88,---,---,---,---,---,---,---,---,---,---,---,---,---,---,---,---,---,---,7965,235,2979,379,---,4721,12817,39429,970365,3928,---,---,1415,10799,---,1111010,---,---,1111010,---,---,---,---,71156,---,71156,1182166
65,"Other services, except government",---,---,---,---,---,---,---,---,---,---,125,---,---,---,---,---,---,---,---,---,---,---,---,---,---,---,74344,87744,27,4611,23757,---,---,---,---,---,---,1831,---,---,---,2767,---,---,---,---,---,---,86,2254,---,2387,2985,---,---,---,16,---,---,---,---,469,810,1591,---,722631,---,---,0,1231,3111,932775,3742,---,936517,---,---,---,9,24542,---,24550,961068
66,Federal general government (defense),---,---,---,---,---,---,---,---,---,---,---,---,---,---,---,---,---,---,---,---,---,---,---,---,---,---,---,---,---,---,---,---,---,---,---,---,---,---,---,---,---,---,---,---,---,---,---,---,---,---,---,---,---,---,---,---,---,---,---,---,---,---,---,---,---,---,713008,---,---,---,---,713008,---,---,713008,---,---,---,---,0,---,0,713008
67,Federal general government (nondefense),---,---,---,---,---,---,---,---,---,---,---,---,---,---,---,---,---,---,---,---,---,---,---,---,---,---,---,---,---,---,---,---,---,---,---,---,---,---,---,---,---,---,---,---,---,---,---,---,---,---,---,---,---,---,---,---,---,---,---,---,---,---,---,---,---,---,---,533783,---,---,---,533783,---,---,533783,---,---,---,---,0,---,0,533783
68,Federal government enterprises,---,---,---,---,---,---,---,---,---,---,---,---,---,---,---,---,---,---,---,---,---,---,---,---,---,---,---,---,---,---,---,---,---,---,---,---,---,---,---,---,---,---,---,---,---,---,---,---,---,---,---,---,---,---,---,---,---,---,---,---,---,---,---,---,---,---,---,675,69491,---,---,70166,273,---,70439,---,---,---,---,0,---,0,70439
69,State and local general government,---,---,---,---,---,---,---,---,---,---,---,---,---,---,---,---,---,---,---,---,---,---,---,---,---,---,---,---,---,---,---,---,---,---,---,---,---,---,---,---,---,---,---,---,---,---,---,---,---,---,---,---,---,---,---,---,---,---,---,---,---,---,---,---,---,---,---,---,---,2106940,---,2106940,---,---,2106940,---,---,---,---,0,---,0,2106940
70,State and local government enterprises,---,---,---,---,---,2137,---,---,---,---,---,---,---,---,---,---,---,---,---,---,---,---,---,---,---,---,---,---,---,---,---,---,---,---,---,---,---,---,---,---,---,---,---,---,---,---,---,---,---,---,---,---,---,---,---,---,---,---,---,---,---,---,---,---,---,---,---,---,---,---,113029,115166,---,---,115166,---,---,---,---,0,---,0,115166
71,"Scrap, used and secondhand goods",---,---,---,---,---,---,---,57,10,795,1209,173,---,---,772,63,---,---,4,0,---,384,61,---,---,69,---,---,---,---,---,---,---,---,---,---,---,---,---,---,---,---,---,---,---,---,---,---,---,---,---,---,---,---,---,847,---,---,---,---,---,---,---,---,224,---,---,---,---,4280,---,8949,25622,---,34571,164836,42776,207612,94,20392,---,20485,262669
72,Noncomparable imports and rest-of-the-world adjustment,---,---,---,---,---,---,---,---,---,---,---,---,---,---,---,---,---,---,---,---,---,---,---,---,---,---,---,---,---,---,---,---,---,---,---,---,---,---,---,---,---,---,---,---,---,---,---,---,---,---,---,---,---,---,---,---,---,---,---,---,---,---,---,---,---,---,---,4226,---,---,---,4226,217988,-54,222160,---,---,---,---,0,---,0,222160
73,Total industry supply,484432,58768,444610,106148,63623,612217,1961969,149899,146149,262381,393546,414469,401911,144326,732951,307867,79590,182657,1031404,52238,22529,191663,78671,607582,843380,246709,2139029,321939,269412,245017,1261629,171345,88657,44442,475440,68700,63106,344004,184849,496506,166947,892901,651911,1069890,786990,1370708,192459,2429886,1568978,384454,400774,546790,1873748,731261,1238822,125175,390500,1222830,1033961,260652,258870,186668,129234,235167,975743,739712,744145,572449,101439,2679952,416766,40575547,3070129,-29001,43616675,0,0,0,89101,843309,-103194,829217,44445892
